"Symbol","Name","LastSale","MarketCap","ADR TSO","IPOyear","Sector","Industry","Summary Quote",
"XXII","22nd Century Group, Inc","1.64","204442400","n/a","n/a","Consumer Non-Durables","Farming/Seeds/Milling","https://www.nasdaq.com/symbol/xxii",
"FAX","Aberdeen Asia-Pacific Income Fund Inc","4.19","1040413088.47","n/a","1986","n/a","n/a","https://www.nasdaq.com/symbol/fax",
"IAF","Aberdeen Australia Equity Fund Inc","5.2","118260095.2","n/a","n/a","n/a","n/a","https://www.nasdaq.com/symbol/iaf",
"AEF","Aberdeen Emerging Markets Equity Income Fund, Inc.","6.9845","354475793.441","n/a","n/a","n/a","n/a","https://www.nasdaq.com/symbol/aef",
"FCO","Aberdeen Global Income Fund, Inc.","8.28","72241252.92","n/a","1992","n/a","n/a","https://www.nasdaq.com/symbol/fco",
"ACU","Acme United Corporation.","19.75","66204567.5","n/a","1988","Capital Goods","Industrial Machinery/Components","https://www.nasdaq.com/symbol/acu",
"ATNM","Actinium Pharmaceuticals, Inc.","0.2217","35922831.6057","n/a","n/a","Health Care","Major Pharmaceuticals","https://www.nasdaq.com/symbol/atnm",
"AE","Adams Resources & Energy, Inc.","32.9","138771245.9","n/a","n/a","Energy","Oil Refining/Marketing","https://www.nasdaq.com/symbol/ae",
"ACY","AeroCentury Corp.","7.6","11748718.4","n/a","n/a","Technology","Diversified Commercial Services","https://www.nasdaq.com/symbol/acy",
"UAVS","AgEagle Aerial Systems, Inc.","0.2412","3605793.8328","n/a","n/a","Capital Goods","Aerospace","https://www.nasdaq.com/symbol/uavs",
"AGE","AgeX Therapeutics, Inc.","2.74","103106200","n/a","2018","Health Care","Major Pharmaceuticals","https://www.nasdaq.com/symbol/age",
"AIRI","Air Industries Group","1.12","32156300.96","n/a","n/a","Capital Goods","Military/Government/Technical","https://www.nasdaq.com/symbol/airi",
"AXU","Alexco Resource Corp","1.85","216439954.5","n/a","n/a","Basic Industries","Precious Metals","https://www.nasdaq.com/symbol/axu",
"ALO","Alio Gold Inc.","0.87","73695214.41","n/a","2011","Basic Industries","Precious Metals","https://www.nasdaq.com/symbol/alo",
"AAU","Almaden Minerals, Ltd.","0.775","86588207.225","n/a","2015","Basic Industries","Precious Metals","https://www.nasdaq.com/symbol/aau",
"APT","Alpha Pro Tech, Ltd.","3.45","45260029.05","n/a","n/a","Health Care","Industrial Specialties","https://www.nasdaq.com/symbol/apt",
"AAMC","Altisource Asset Management Corp","11.25","17895813.75","n/a","n/a","Finance","Real Estate","https://www.nasdaq.com/symbol/aamc",
"AMBO","Ambow Education Holding Ltd.","2.61","56494906.38","n/a","n/a","Consumer Services","Other Consumer Services","https://www.nasdaq.com/symbol/ambo",
"DIT","AMCON Distributing Company","94.33","55915711.11","n/a","n/a","Consumer Non-Durables","Food Distributors","https://www.nasdaq.com/symbol/dit",
"AMS","American Shared Hospital Services","2.87","16399180","n/a","n/a","Health Care","Medical Specialities","https://www.nasdaq.com/symbol/ams",
"USAS","Americas Silver Corporation","3.62","298605231.46","n/a","2017","Basic Industries","Precious Metals","https://www.nasdaq.com/symbol/usas",
"AMPE","Ampio Pharmaceuticals, Inc.","0.3984","56456412.2208","n/a","n/a","Health Care","Major Pharmaceuticals","https://www.nasdaq.com/symbol/ampe",
"ARNC^","Arconic Inc.","88.995","0","n/a","n/a","n/a","n/a","https://www.nasdaq.com/symbol/arnc^",
"ARMP","Armata Pharmaceuticals, Inc.","3.89","38744699.53","n/a","n/a","Health Care","Biotechnology: Biological Products (No Diagnostic Substances)","https://www.nasdaq.com/symbol/armp",
"AKG","Asanko Gold Inc.","0.9861","222665929.8654","n/a","n/a","Basic Industries","Mining & Quarrying of Nonmetallic Minerals (No Fuels)","https://www.nasdaq.com/symbol/akg",
"AINC","Ashford Inc.","28.52","74313394.68","n/a","2014","Consumer Services","Professional Services","https://www.nasdaq.com/symbol/ainc",
"AUG","Auryn Resources Inc.","1.58","150368442","n/a","n/a","Basic Industries","Precious Metals","https://www.nasdaq.com/symbol/aug",
"AWX","Avalon Holdings Corporation","2.46","9533560.26","n/a","n/a","Public Utilities","Environmental Services","https://www.nasdaq.com/symbol/awx",
"ASM","Avino Silver","0.7325","54460132.68","n/a","n/a","Basic Industries","Precious Metals","https://www.nasdaq.com/symbol/asm",
"BTG","B2Gold Corp","3.78","3831180674.58","n/a","n/a","Basic Industries","Precious Metals","https://www.nasdaq.com/symbol/btg",
"BTN","Ballantyne Strong, Inc","2.97","43120705.32","n/a","n/a","Miscellaneous","Industrial Machinery/Components","https://www.nasdaq.com/symbol/btn",
"BKJ","Bancorp of New Jersey, Inc","13.39","97658170.74","n/a","n/a","Finance","Major Banks","https://www.nasdaq.com/symbol/bkj",
"BCV","Bancroft Fund Limited","23.85","125337831.75","n/a","n/a","n/a","n/a","https://www.nasdaq.com/symbol/bcv",
"BCV^A","Bancroft Fund Limited","26.07","0","n/a","n/a","n/a","n/a","https://www.nasdaq.com/symbol/bcv^a",
"BHB","Bar Harbor Bankshares, Inc.","23.14","359728793.84","n/a","n/a","Finance","Major Banks","https://www.nasdaq.com/symbol/bhb",
"BRN","Barnwell Industries, Inc.","0.92","7614987.2","n/a","n/a","Energy","Oil & Gas Production","https://www.nasdaq.com/symbol/brn",
"BGSF","BG Staffing Inc","18.52","189457988.76","n/a","n/a","Technology","Professional Services","https://www.nasdaq.com/symbol/bgsf",
"BIOX","Bioceres Crop Solutions Corp.","6.7","242007463.9","n/a","2018","Basic Industries","Agricultural Chemicals","https://www.nasdaq.com/symbol/biox",
"BIOX.WS","Bioceres Crop Solutions Corp.","n/a","0","n/a","n/a","n/a","n/a","https://www.nasdaq.com/symbol/biox.ws",
"BPMX","BioPharmX Corporation","0.32","3418613.44","n/a","2015","Health Care","Major Pharmaceuticals","https://www.nasdaq.com/symbol/bpmx",
"BTX","BioTime, Inc.","0.99","148146432.39","n/a","n/a","Health Care","Biotechnology: Biological Products (No Diagnostic Substances)","https://www.nasdaq.com/symbol/btx",
"BGI","Birks Group Inc.","0.9301","16705415.4181","n/a","n/a","Consumer Services","Consumer Specialties","https://www.nasdaq.com/symbol/bgi",
"BKTI","BK Technologies Corporation","4.03","51229190.74","n/a","n/a","Technology","Radio And Television Broadcasting And Communications Equipment","https://www.nasdaq.com/symbol/bkti",
"BDR","Blonder Tongue Laboratories, Inc.","0.9119","8749876.5585","n/a","n/a","Technology","Radio And Television Broadcasting And Communications Equipment","https://www.nasdaq.com/symbol/bdr",
"BRG","Bluerock Residential Growth REIT, Inc.","12.14","271752406.78","n/a","2014","Consumer Services","Real Estate Investment Trusts","https://www.nasdaq.com/symbol/brg",
"BRG^A","Bluerock Residential Growth REIT, Inc.","26.34","0","n/a","n/a","n/a","n/a","https://www.nasdaq.com/symbol/brg^a",
"BRG^C","Bluerock Residential Growth REIT, Inc.","25.99","0","n/a","n/a","n/a","n/a","https://www.nasdaq.com/symbol/brg^c",
"BRG^D","Bluerock Residential Growth REIT, Inc.","25.4633","0","n/a","n/a","n/a","n/a","https://www.nasdaq.com/symbol/brg^d",
"DMF","BNY Mellon Municipal Income Inc.","8.98","186301603.38","n/a","1988","n/a","n/a","https://www.nasdaq.com/symbol/dmf",
"BWL.A","Bowl America, Inc.","n/a","0","n/a","n/a","n/a","n/a","https://www.nasdaq.com/symbol/bwl.a",
"CMCL","Caledonia Mining Corporation Plc","6.2","66649404.8","n/a","n/a","Basic Industries","Precious Metals","https://www.nasdaq.com/symbol/cmcl",
"CEI","Camber Energy, Inc.","0.294","3687642","n/a","n/a","Energy","Oil & Gas Production","https://www.nasdaq.com/symbol/cei",
"CANF","Can-Fite Biopharma Ltd","2.71","9008186.34","n/a","n/a","Health Care","Major Pharmaceuticals","https://www.nasdaq.com/symbol/canf",
"ROX","Castle Brands, Inc.","0.6201","105647784.4773","n/a","2006","Consumer Non-Durables","Beverages (Production/Distribution)","https://www.nasdaq.com/symbol/rox",
"YCBD","cbdMD, Inc.","4.89","135552540.84","n/a","2017","Consumer Non-Durables","Package Goods/Cosmetics","https://www.nasdaq.com/symbol/ycbd",
"CVM","Cel-Sci Corporation","8.38","282429899.76","n/a","n/a","Health Care","Biotechnology: Biological Products (No Diagnostic Substances)","https://www.nasdaq.com/symbol/cvm",
"CET","Central Securities Corporation","30.54","778240619.64","n/a","n/a","n/a","n/a","https://www.nasdaq.com/symbol/cet",
"LEU","Centrus Energy Corp.","3.04","28750462.56","n/a","2014","Basic Industries","Mining & Quarrying of Nonmetallic Minerals (No Fuels)","https://www.nasdaq.com/symbol/leu",
"CHAC","Chardan Healthcare Acquisition Corp.","10.39","104549375","n/a","2019","Finance","Business Services","https://www.nasdaq.com/symbol/chac",
"CHAC.U","Chardan Healthcare Acquisition Corp.","n/a","0","n/a","2018","n/a","n/a","https://www.nasdaq.com/symbol/chac.u",
"CHAC.WS","Chardan Healthcare Acquisition Corp.","n/a","0","n/a","n/a","n/a","n/a","https://www.nasdaq.com/symbol/chac.ws",
"CCF","Chase Corporation","99.8","939349835.4","n/a","n/a","Consumer Durables","Building Products","https://www.nasdaq.com/symbol/ccf",
"CQP","Cheniere Energy Partners, LP","43.62","21112477945.26","n/a","2007","Public Utilities","Oil/Gas Transmission","https://www.nasdaq.com/symbol/cqp",
"LNG","Cheniere Energy, Inc.","62.81","16168174847.44","n/a","n/a","Public Utilities","Oil/Gas Transmission","https://www.nasdaq.com/symbol/lng",
"CVR","Chicago Rivet & Machine Co.","27","26085564","n/a","n/a","Technology","Industrial Machinery/Components","https://www.nasdaq.com/symbol/cvr",
"CPHI","China Pharma Holdings, Inc.","0.27","11766480.39","n/a","n/a","Health Care","Major Pharmaceuticals","https://www.nasdaq.com/symbol/cphi",
"CKX","CKX Lands, Inc.","9.1","17676704.5","n/a","n/a","Energy","Oil & Gas Production","https://www.nasdaq.com/symbol/ckx",
"CCC.WS","Clarivate Analytics Plc","n/a","0","n/a","n/a","n/a","n/a","https://www.nasdaq.com/symbol/ccc.ws",
"GLV","Clough Global Dividend and Income Fund","10.85","76019841.45","n/a","2004","n/a","n/a","https://www.nasdaq.com/symbol/glv",
"GLV~","Clough Global Dividend and Income Fund","0.0157","0","n/a","n/a","n/a","n/a","https://www.nasdaq.com/symbol/glv~",
"GLQ","Clough Global Equity Fund","12.09","133300604.19","n/a","2005","n/a","n/a","https://www.nasdaq.com/symbol/glq",
"GLQ~","Clough Global Equity Fund","0.0485","0","n/a","n/a","n/a","n/a","https://www.nasdaq.com/symbol/glq~",
"GLO","Clough Global Opportunities Fund","9.28","299042543.36","n/a","2006","n/a","n/a","https://www.nasdaq.com/symbol/glo",
"COHN","Cohen & Company Inc.","4.71","5735009.04","n/a","n/a","Finance","Investment Bankers/Brokers/Service","https://www.nasdaq.com/symbol/cohn",
"CIX","CompX International Inc.","14.61","181793062.77","n/a","1998","Capital Goods","Industrial Machinery/Components","https://www.nasdaq.com/symbol/cix",
"LODE","Comstock Mining, Inc.","0.1451","12406050","n/a","n/a","Basic Industries","Precious Metals","https://www.nasdaq.com/symbol/lode",
"CDOR","Condor Hospitality Trust, Inc.","10.99","130956334.46","n/a","n/a","Consumer Services","Real Estate Investment Trusts","https://www.nasdaq.com/symbol/cdor",
"CTO","Consolidated-Tomoka Land Co.","62.23","306652513.44","n/a","n/a","Finance","Real Estate","https://www.nasdaq.com/symbol/cto",
"MCF","Contango Oil & Gas Company","1.21","48238986.51","n/a","n/a","Energy","Oil & Gas Production","https://www.nasdaq.com/symbol/mcf",
"CUO","Continental Materials Corporation","15.25","26161176.75","n/a","n/a","Capital Goods","Building Materials","https://www.nasdaq.com/symbol/cuo",
"CMT","Core Molding Technologies Inc","6.48","52781971.68","n/a","n/a","Consumer Non-Durables","Plastic Products","https://www.nasdaq.com/symbol/cmt",
"CVRS","Corindus Vascular Robotics, Inc.","4.28","884676719.04","n/a","2015","Health Care","Medical/Dental Instruments","https://www.nasdaq.com/symbol/cvrs",
"CRMD","CorMedix Inc.","8.39","199801633.01","n/a","n/a","Health Care","Major Pharmaceuticals","https://www.nasdaq.com/symbol/crmd",
"CRF","Cornerstone Strategic Return Fund, Inc. (The)","11.54","442717801.94","n/a","n/a","n/a","n/a","https://www.nasdaq.com/symbol/crf",
"CLM","Cornerstone Strategic Value Fund, Inc.","11.82","857936769.06","n/a","1987","n/a","n/a","https://www.nasdaq.com/symbol/clm",
"CVU","CPI Aerostructures, Inc.","8.08","95508751.2","n/a","n/a","Capital Goods","Military/Government/Technical","https://www.nasdaq.com/symbol/cvu",
"CIK","Credit Suisse Asset Management Income Fund, Inc.","3.16","165283575.64","n/a","n/a","n/a","n/a","https://www.nasdaq.com/symbol/cik",
"DHY","Credit Suisse High Yield Bond Fund","2.51","259729205.21","n/a","1998","n/a","n/a","https://www.nasdaq.com/symbol/dhy",
"CRHM","CRH Medical Corporation","3.18","229067668.44","n/a","2015","Health Care","Medical/Nursing Services","https://www.nasdaq.com/symbol/crhm",
"CTEK","CynergisTek, Inc.","3.77","36846174.17","n/a","2017","Miscellaneous","Business Services","https://www.nasdaq.com/symbol/ctek",
"DXR","Daxor Corporation","9.47","35482745.26","n/a","n/a","Health Care","Medical/Dental Instruments","https://www.nasdaq.com/symbol/dxr",
"VCF","Delaware Investments Colorado Municipal Income Fund, Inc","14.96","72363016","n/a","1993","n/a","n/a","https://www.nasdaq.com/symbol/vcf",
"VFL","Delaware Investments Florida Insured Municipal Income Fund","13.79","62447242.76","n/a","1993","n/a","n/a","https://www.nasdaq.com/symbol/vfl",
"VMM","Delaware Investments Minnesota Municipal Income Fund II, Inc.","13.3","153016167.5","n/a","1993","n/a","n/a","https://www.nasdaq.com/symbol/vmm",
"DLA","Delta Apparel, Inc.","23.29","161199801.93","n/a","n/a","Consumer Non-Durables","Apparel","https://www.nasdaq.com/symbol/dla",
"DNN","Denison Mine Corp","0.4494","265243246.1154","n/a","n/a","Basic Industries","Precious Metals","https://www.nasdaq.com/symbol/dnn",
"DGSE","DGSE Companies, Inc.","0.84","22616480.04","n/a","n/a","Consumer Services","Consumer Specialties","https://www.nasdaq.com/symbol/dgse",
"DSS","Document Security Systems, Inc.","0.415","12119129.215","n/a","n/a","Consumer Durables","Containers/Packaging","https://www.nasdaq.com/symbol/dss",
"DPW","DPW Holdings, Inc.","2.33","2482701.21","n/a","n/a","Capital Goods","Industrial Machinery/Components","https://www.nasdaq.com/symbol/dpw",
"DXF","Dunxin Financial Holdings Limited","1.96","40868536.24","n/a","n/a","Finance","Finance: Consumer Services","https://www.nasdaq.com/symbol/dxf",
"GRF","Eagle Capital Growth Fund, Inc.","7.87","30635604.09","n/a","n/a","n/a","n/a","https://www.nasdaq.com/symbol/grf",
"EVM","Eaton Vance California Municipal Bond Fund","11.42","244323454.16","n/a","2002","n/a","n/a","https://www.nasdaq.com/symbol/evm",
"CEV","Eaton Vance California Municipal Income Trust","13.3","94876547.5","n/a","1999","n/a","n/a","https://www.nasdaq.com/symbol/cev",
"EVV","Eaton Vance Limited Duration Income Fund","12.62","1465775367.16","n/a","2003","n/a","n/a","https://www.nasdaq.com/symbol/evv",
"EIM","Eaton Vance Municipal Bond Fund","13","1049444760","n/a","2002","n/a","n/a","https://www.nasdaq.com/symbol/eim",
"ENX","Eaton Vance New York Municipal Bond Fund","12.18","220680820.92","n/a","2002","n/a","n/a","https://www.nasdaq.com/symbol/enx",
"EVY","Eaton Vance New York Municipal Income Trust","13.21","71898740.71","n/a","1999","n/a","n/a","https://www.nasdaq.com/symbol/evy",
"ELMD","Electromed, Inc.","5.2","43723425.2","n/a","2011","Health Care","Biotechnology: Electromedical & Electrotherapeutic Apparatus","https://www.nasdaq.com/symbol/elmd",
"ELLO","Ellomay Capital Ltd.","13.1","139896131.4","n/a","n/a","Public Utilities","Electric Utilities: Central","https://www.nasdaq.com/symbol/ello",
"ECF","Ellsworth Growth and Income Fund Ltd.","10.76","140129276.92","n/a","1986","n/a","n/a","https://www.nasdaq.com/symbol/ecf",
"ECF^A","Ellsworth Growth and Income Fund Ltd.","25.4115","0","n/a","n/a","n/a","n/a","https://www.nasdaq.com/symbol/ecf^a",
"EMAN","eMagin Corporation","0.42","20647734.66","n/a","n/a","Technology","Semiconductors","https://www.nasdaq.com/symbol/eman",
"MSN","Emerson Radio Corporation","1.04","21884358.08","n/a","n/a","Consumer Non-Durables","Consumer Electronics/Appliances","https://www.nasdaq.com/symbol/msn",
"EMX","EMX Royalty Corporation","1.46","119927261.6","n/a","n/a","Basic Industries","Precious Metals","https://www.nasdaq.com/symbol/emx",
"UUUU","Energy Fuels Inc","1.63","152868951.79","n/a","n/a","Basic Industries","Mining & Quarrying of Nonmetallic Minerals (No Fuels)","https://www.nasdaq.com/symbol/uuuu",
"UUUU.WS","Energy Fuels Inc","n/a","0","n/a","n/a","n/a","n/a","https://www.nasdaq.com/symbol/uuuu.ws",
"ENSV","ENSERVCO Corporation","0.38","20637735.02","n/a","n/a","Energy","Oilfield Services/Equipment","https://www.nasdaq.com/symbol/ensv",
"EGI","Entree Resources Ltd.","0.2499","43700375.1051","n/a","2017","Basic Industries","Precious Metals","https://www.nasdaq.com/symbol/egi",
"ESP","Espey Mfg. & Electronics Corp.","25","60017825","n/a","n/a","Capital Goods","Industrial Machinery/Components","https://www.nasdaq.com/symbol/esp",
"EVBN","Evans Bancorp, Inc.","35.8","174828118.6","n/a","n/a","Finance","Major Banks","https://www.nasdaq.com/symbol/evbn",
"EVI","EVI Industries, Inc.","33.37","391639263.16","n/a","n/a","Consumer Services","Other Consumer Services","https://www.nasdaq.com/symbol/evi",
"EPM","Evolution Petroleum Corporation, Inc.","6.1","202438656.5","n/a","n/a","Energy","Oil & Gas Production","https://www.nasdaq.com/symbol/epm",
"FEN","First Trust Energy Income and Growth Fund","21.32","426301075.2","n/a","2004","n/a","n/a","https://www.nasdaq.com/symbol/fen",
"BDL","Flanigan&#39;s Enterprises, Inc.","22.14","41150444.58","n/a","n/a","Consumer Services","Restaurants","https://www.nasdaq.com/symbol/bdl",
"FSI","Flexible Solutions International Inc.","3.36","39434791.2","n/a","n/a","Basic Industries","Major Chemicals","https://www.nasdaq.com/symbol/fsi",
"FTF","Franklin Limited Duration Income Trust","9.53","287223097.55","n/a","2003","n/a","n/a","https://www.nasdaq.com/symbol/ftf",
"FSP","Franklin Street Properties Corp.","7.92","849270747.6","n/a","n/a","Consumer Services","Real Estate Investment Trusts","https://www.nasdaq.com/symbol/fsp",
"FRD","Friedman Industries Inc.","5.97","41786680.68","n/a","n/a","Capital Goods","Steel/Iron Ore","https://www.nasdaq.com/symbol/frd",
"FTNW","FTE Networks, Inc.","0.93","24254572.05","n/a","n/a","Public Utilities","Telecommunications Equipment","https://www.nasdaq.com/symbol/ftnw",
"GGN","GAMCO Global Gold, Natural Reources & Income Trust ","4.5","613473133.5","n/a","2005","n/a","n/a","https://www.nasdaq.com/symbol/ggn",
"GGN^B","GAMCO Global Gold, Natural Reources & Income Trust ","24.65","0","n/a","n/a","n/a","n/a","https://www.nasdaq.com/symbol/ggn^b",
"JOB","GEE Group Inc.","0.582","7297355.202","n/a","n/a","Technology","Diversified Commercial Services","https://www.nasdaq.com/symbol/job",
"GMO","General Moly, Inc","0.2193","26385929.7261","n/a","n/a","Basic Industries","Precious Metals","https://www.nasdaq.com/symbol/gmo",
"GSB","GlobalSCAPE, Inc.","13.1","226818233.9","n/a","n/a","Technology","Computer Software: Prepackaged Software","https://www.nasdaq.com/symbol/gsb",
"GSAT","Globalstar, Inc.","0.4152","602087806.5432","n/a","2006","Consumer Services","Telecommunications Equipment","https://www.nasdaq.com/symbol/gsat",
"GLOW","Glowpoint, Inc.","0.99","5041080","n/a","n/a","Public Utilities","Telecommunications Equipment","https://www.nasdaq.com/symbol/glow",
"GORO","Gold Resource Corporation","3.46","226925037.66","n/a","n/a","Basic Industries","Precious Metals","https://www.nasdaq.com/symbol/goro",
"GSV","Gold Standard Ventures Corporation","1.05","291157530.3","n/a","n/a","Basic Industries","Mining & Quarrying of Nonmetallic Minerals (No Fuels)","https://www.nasdaq.com/symbol/gsv",
"AUMN","Golden Minerals Company","0.2391","25320039.4089","n/a","n/a","Basic Industries","Precious Metals","https://www.nasdaq.com/symbol/aumn",
"GSS","Golden Star Resources, Ltd","3.33","362527146.63","n/a","n/a","Basic Industries","Precious Metals","https://www.nasdaq.com/symbol/gss",
"GV","Goldfield Corporation (The)","2.12","51987772.08","n/a","n/a","Basic Industries","Water Supply","https://www.nasdaq.com/symbol/gv",
"GDP","Goodrich Petroleum Corporation","11.13","136935929.34","n/a","2017","Energy","Oil & Gas Production","https://www.nasdaq.com/symbol/gdp",
"GTE","Gran Tierra Energy Inc.","1.48","563842566.36","n/a","n/a","Energy","Oil & Gas Production","https://www.nasdaq.com/symbol/gte",
"GPL","Great Panther Mining Limited","0.845","254855540.55","n/a","n/a","Basic Industries","Precious Metals","https://www.nasdaq.com/symbol/gpl",
"SIM","Grupo Simec, S.A. de C.V.","9","1481721552","n/a","1993","Basic Industries","Steel/Iron Ore","https://www.nasdaq.com/symbol/sim",
"HEB","Hemispherx BioPharma, Inc.","2.22","4921713.36","n/a","n/a","Health Care","Biotechnology: Biological Products (No Diagnostic Substances)","https://www.nasdaq.com/symbol/heb",
"HLM^","Hillman Group Capital Trust","35.15","0","n/a","n/a","n/a","n/a","https://www.nasdaq.com/symbol/hlm^",
"HMG","HMG/Courtland Properties, Inc.","13.86","14044227.12","n/a","n/a","Consumer Services","Real Estate Investment Trusts","https://www.nasdaq.com/symbol/hmg",
"HUSA","Houston American Energy Corporation","0.204","12755128.56","n/a","n/a","Energy","Oil & Gas Production","https://www.nasdaq.com/symbol/husa",
"IBIO","iBio, Inc.","0.679","13377968.982","n/a","n/a","Health Care","Major Pharmaceuticals","https://www.nasdaq.com/symbol/ibio",
"IBO","IBO (Listing Market - NYSE Amex Network B F)","24.84","0","n/a","n/a","n/a","n/a","https://www.nasdaq.com/symbol/ibo",
"IEC","IEC Electronics Corp.","6.82","70333650.64","n/a","n/a","Technology","Electrical Products","https://www.nasdaq.com/symbol/iec",
"IMH","Impac Mortgage Holdings, Inc.","4.45","94257038.65","n/a","1997","Consumer Services","Real Estate Investment Trusts","https://www.nasdaq.com/symbol/imh",
"IMO","Imperial Oil Limited","25.01","19076968211.19","n/a","n/a","Energy","Integrated oil Companies","https://www.nasdaq.com/symbol/imo",
"IOR","Income Opportunity Realty Investors, Inc.","13.7549","57333366.7486","n/a","n/a","Consumer Services","Real Estate Investment Trusts","https://www.nasdaq.com/symbol/ior",
"IGC","India Globalization Capital Inc.","1.16","45833232.12","n/a","n/a","Technology","Electronic Components","https://www.nasdaq.com/symbol/igc",
"INFU","InfuSystems Holdings, Inc.","4.31","84919098.17","n/a","n/a","Health Care","Medical/Dental Instruments","https://www.nasdaq.com/symbol/infu",
"IHT","InnSuites Hospitality Trust","1.56","14554888.92","n/a","n/a","Consumer Services","Real Estate Investment Trusts","https://www.nasdaq.com/symbol/iht",
"NSPR","InspireMD Inc.","2.15","3006282.65","n/a","n/a","Health Care","Medical/Dental Instruments","https://www.nasdaq.com/symbol/nspr",
"NSPR.WS","InspireMD Inc.","n/a","0","n/a","n/a","n/a","n/a","https://www.nasdaq.com/symbol/nspr.ws",
"NSPR.WS.B","InspireMD Inc.","n/a","0","n/a","n/a","n/a","n/a","https://www.nasdaq.com/symbol/nspr.ws.b",
"IDN","Intellicheck, Inc.","4.75","75010237.75","n/a","1999","Technology","Computer Software: Prepackaged Software","https://www.nasdaq.com/symbol/idn",
"INS","Intelligent Systems Corporation","47.93","424227854.84","n/a","1992","Technology","Computer Software: Prepackaged Software","https://www.nasdaq.com/symbol/ins",
"THM","International Tower Hill Mines Ltd","0.6538","122635666.0998","n/a","n/a","Basic Industries","Precious Metals","https://www.nasdaq.com/symbol/thm",
"INTT","inTest Corporation","4.58","48390828.14","n/a","1997","Capital Goods","Electrical Products","https://www.nasdaq.com/symbol/intt",
"INUV","Inuvo, Inc","0.232","11239624.888","n/a","n/a","Consumer Services","Advertising","https://www.nasdaq.com/symbol/inuv",
"VKI","Invesco Advantage Municipal Income Trust II","11.56","513166329.56","n/a","n/a","n/a","n/a","https://www.nasdaq.com/symbol/vki",
"ISR","IsoRay, Inc.","0.3583","24127222.2401","n/a","n/a","Health Care","Medical/Dental Instruments","https://www.nasdaq.com/symbol/isr",
"ISDR","Issuer Direct Corporation","9.38","36230887.84","n/a","n/a","Miscellaneous","Publishing","https://www.nasdaq.com/symbol/isdr",
"ITP","IT Tech Packaging, Inc.","0.58","12772943.28","n/a","n/a","Consumer Durables","Containers/Packaging","https://www.nasdaq.com/symbol/itp",
"KIQ","Kelso Technologies Inc","1.0089","47589899.7654","n/a","n/a","Capital Goods","Railroads","https://www.nasdaq.com/symbol/kiq",
"LTS","Ladenburg Thalmann Financial Services Inc","2.61","388103379.93","n/a","n/a","Finance","Investment Bankers/Brokers/Service","https://www.nasdaq.com/symbol/lts",
"LTS^A","Ladenburg Thalmann Financial Services Inc","25.079","0","n/a","n/a","n/a","n/a","https://www.nasdaq.com/symbol/lts^a",
"LTSH","Ladenburg Thalmann Financial Services Inc","26.39","0","n/a","2019","n/a","n/a","https://www.nasdaq.com/symbol/ltsh",
"LTSK","Ladenburg Thalmann Financial Services Inc","25.6","0","n/a","2018","Finance","Investment Bankers/Brokers/Service","https://www.nasdaq.com/symbol/ltsk",
"LTSL","Ladenburg Thalmann Financial Services Inc","24.6","0","n/a","2017","Finance","Investment Bankers/Brokers/Service","https://www.nasdaq.com/symbol/ltsl",
"LTSF","Ladenburg Thalmann Financial Services Inc.","25.159","0","n/a","2018","Finance","Investment Bankers/Brokers/Service","https://www.nasdaq.com/symbol/ltsf",
"LGL","LGL Group, Inc. (The)","9.31","45366959.68","n/a","n/a","Capital Goods","Industrial Machinery/Components","https://www.nasdaq.com/symbol/lgl",
"LBY","Libbey, Inc.","1.73","38661168.08","n/a","1993","Capital Goods","Industrial Machinery/Components","https://www.nasdaq.com/symbol/lby",
"LLEX","Lilis Energy, Inc.","0.3198","29325633.1368","n/a","n/a","Energy","Oil & Gas Production","https://www.nasdaq.com/symbol/llex",
"MAG","MAG Silver Corporation","12.21","1054751545.98","n/a","n/a","Basic Industries","Precious Metals","https://www.nasdaq.com/symbol/mag",
"MHH","Mastech Digital, Inc","5.77","63475458.42","n/a","n/a","Consumer Services","Professional Services","https://www.nasdaq.com/symbol/mhh",
"MTNB","Matinas Biopharma Holdings, Inc.","0.724","103525804.008","n/a","2017","Health Care","Major Pharmaceuticals","https://www.nasdaq.com/symbol/mtnb",
"MMX","Maverix Metals Inc.","4.9001","528957670.6342","n/a","n/a","Basic Industries","Precious Metals","https://www.nasdaq.com/symbol/mmx",
"MNI","McClatchy Company (The)","2.21","17514543.93","n/a","1988","Consumer Services","Newspapers/Magazines","https://www.nasdaq.com/symbol/mni",
"IPB","Merrill Lynch & Co., Inc. 6.0518% Index Plus Trust Certificate","27.21","0","n/a","n/a","Finance","Finance: Consumer Services","https://www.nasdaq.com/symbol/ipb",
"MXC","Mexco Energy Corporation","4.13","8425885.58","n/a","n/a","Energy","Oil & Gas Production","https://www.nasdaq.com/symbol/mxc",
"CCA","MFS California Insured Municipal Trust","12.72","35441418","n/a","1999","n/a","n/a","https://www.nasdaq.com/symbol/cca",
"MICR","Micron Solutions, Inc.","2.34","6720966.72","n/a","n/a","Health Care","Biotechnology: Electromedical & Electrotherapeutic Apparatus","https://www.nasdaq.com/symbol/micr",
"MLSS","Milestone Scientific, Inc.","0.53","21635865.11","n/a","2015","Health Care","Industrial Specialties","https://www.nasdaq.com/symbol/mlss",
"MRIC","MRI Interventions, Inc.","4.15","56798228","n/a","n/a","Health Care","Medical/Dental Instruments","https://www.nasdaq.com/symbol/mric",
"MYO","Myomo Inc.","0.8148","13931004.7044","n/a","2017","Health Care","Industrial Specialties","https://www.nasdaq.com/symbol/myo",
"NNVC","NanoViricides, Inc.","0.23","17649050","n/a","n/a","Health Care","Biotechnology: Commercial Physical & Biological Resarch","https://www.nasdaq.com/symbol/nnvc",
"ATEST","NASDAQ TEST STOCK","25","0","n/a","n/a","n/a","n/a","https://www.nasdaq.com/symbol/atest",
"ATEST.A","NASDAQ TEST STOCK","n/a","0","n/a","n/a","n/a","n/a","https://www.nasdaq.com/symbol/atest.a",
"ATEST.B","NASDAQ TEST STOCK","n/a","0","n/a","n/a","n/a","n/a","https://www.nasdaq.com/symbol/atest.b",
"ATEST.C","NASDAQ TEST STOCK","n/a","0","n/a","n/a","n/a","n/a","https://www.nasdaq.com/symbol/atest.c",
"NHC","National HealthCare Corporation","83.91","1284350793.9","n/a","n/a","Health Care","Hospital/Nursing Management","https://www.nasdaq.com/symbol/nhc",
"NAVB","Navidea Biopharmaceuticals, Inc.","0.59","10655049.54","n/a","n/a","Health Care","Biotechnology: In Vitro & In Vivo Diagnostic Substances","https://www.nasdaq.com/symbol/navb",
"NTIP","Network-1 Technologies, Inc.","2.48","59740251.28","n/a","n/a","Miscellaneous","Multi-Sector Companies","https://www.nasdaq.com/symbol/ntip",
"NBW","Neuberger Berman California Municipal Fund Inc","13.85","76881350","n/a","2002","n/a","n/a","https://www.nasdaq.com/symbol/nbw",
"NHS","Neuberger Berman High Yield Strategies Fund","11.71","228820250.35","n/a","n/a","n/a","n/a","https://www.nasdaq.com/symbol/nhs",
"NML","Neuberger Berman MLP and Energy Income Fund Inc.","6.98","395479317.44","n/a","2013","n/a","n/a","https://www.nasdaq.com/symbol/nml",
"NBH","Neuberger Berman Municipal Fund Inc.","15.24","286572960","n/a","2002","n/a","n/a","https://www.nasdaq.com/symbol/nbh",
"NBO","Neuberger Berman New York Municipal Fund Inc.","12.43","63107110","n/a","2002","n/a","n/a","https://www.nasdaq.com/symbol/nbo",
"NRO","Neuberger Berman Real Estate Securities Income Fund, Inc.","5.44","257963004.8","n/a","2003","n/a","n/a","https://www.nasdaq.com/symbol/nro",
"GBR","New Concept Energy, Inc","1.53","7851859.02","n/a","n/a","Energy","Oil & Gas Production","https://www.nasdaq.com/symbol/gbr",
"NEN","New England Realty Associates Limited Partnership","60.12","221104947.24","n/a","n/a","Consumer Services","Building operators","https://www.nasdaq.com/symbol/nen",
"NGD","New Gold Inc.","1.3","752849878.3","n/a","n/a","Basic Industries","Precious Metals","https://www.nasdaq.com/symbol/ngd",
"NXE","Nexgen Energy Ltd.","1.27","451817357.73","n/a","n/a","Basic Industries","Precious Metals","https://www.nasdaq.com/symbol/nxe",
"HLTH","Nobilis Health Corp.","0.142","11111566.598","n/a","2015","Health Care","Hospital/Nursing Management","https://www.nasdaq.com/symbol/hlth",
"NAK","Northern Dynasty Minerals, Ltd.","0.8575","310071856.7975","n/a","n/a","Basic Industries","Precious Metals","https://www.nasdaq.com/symbol/nak",
"NOG","Northern Oil and Gas, Inc.","1.75","697470954.25","n/a","n/a","Energy","Oil & Gas Production","https://www.nasdaq.com/symbol/nog",
"NBY","NovaBay Pharmaceuticals, Inc.","1.15","23623815.2","n/a","2007","Health Care","Major Pharmaceuticals","https://www.nasdaq.com/symbol/nby",
"NG","Novagold Resources Inc.","6.93","2257287326.91","n/a","n/a","Basic Industries","Precious Metals","https://www.nasdaq.com/symbol/ng",
"NRCG","NRC Group Holdings Corp.","11.98","455843612.3","n/a","2017","Basic Industries","Environmental Services","https://www.nasdaq.com/symbol/nrcg",
"NRCG.WS","NRC Group Holdings Corp.","n/a","0","n/a","n/a","n/a","n/a","https://www.nasdaq.com/symbol/nrcg.ws",
"NTN","NTN Buzztime, Inc.","3.43","9874901.4","n/a","n/a","Consumer Services","Broadcasting","https://www.nasdaq.com/symbol/ntn",
"NES","Nuverra Environmental Solutions, Inc.","3.97","62364325.06","n/a","2017","Energy","Oilfield Services/Equipment","https://www.nasdaq.com/symbol/nes",
"OCX","OncoCyte Corporation","1.81","94070822.3","n/a","2015","Health Care","Biotechnology: In Vitro & In Vivo Diagnostic Substances","https://www.nasdaq.com/symbol/ocx",
"OGEN","Oragenics Inc.","0.392","18080922.776","n/a","n/a","Health Care","Major Pharmaceuticals","https://www.nasdaq.com/symbol/ogen",
"PCG^A","Pacific Gas & Electric Co.","27","0","n/a","n/a","n/a","n/a","https://www.nasdaq.com/symbol/pcg^a",
"PCG^B","Pacific Gas & Electric Co.","24.95","0","n/a","n/a","n/a","n/a","https://www.nasdaq.com/symbol/pcg^b",
"PCG^C","Pacific Gas & Electric Co.","21.9688","0","n/a","n/a","n/a","n/a","https://www.nasdaq.com/symbol/pcg^c",
"PCG^D","Pacific Gas & Electric Co.","22","0","n/a","n/a","n/a","n/a","https://www.nasdaq.com/symbol/pcg^d",
"PCG^E","Pacific Gas & Electric Co.","22","0","n/a","n/a","n/a","n/a","https://www.nasdaq.com/symbol/pcg^e",
"PCG^G","Pacific Gas & Electric Co.","20.26","0","n/a","n/a","n/a","n/a","https://www.nasdaq.com/symbol/pcg^g",
"PCG^H","Pacific Gas & Electric Co.","19.95","0","n/a","n/a","n/a","n/a","https://www.nasdaq.com/symbol/pcg^h",
"PCG^I","Pacific Gas & Electric Co.","19.85","0","n/a","n/a","n/a","n/a","https://www.nasdaq.com/symbol/pcg^i",
"PTN","Palatin Technologies, Inc.","0.9061","195315492.7542","n/a","n/a","Health Care","Major Pharmaceuticals","https://www.nasdaq.com/symbol/ptn",
"PZG","Paramount Gold Nevada Corp.","0.9506","25209868.2724","n/a","2015","Basic Industries","Precious Metals","https://www.nasdaq.com/symbol/pzg",
"PRK","Park National Corporation","91.53","1502338272.48","n/a","n/a","Finance","Major Banks","https://www.nasdaq.com/symbol/prk",
"PED","Pedevco Corp.","1.28","68898643.2","n/a","n/a","Energy","Oil & Gas Production","https://www.nasdaq.com/symbol/ped",
"PFNX","Pfenex Inc.","6.24","196572355.2","n/a","2014","Health Care","Major Pharmaceuticals","https://www.nasdaq.com/symbol/pfnx",
"HNW","Pioneer Diversified High Income Trust","14.46","120492143.4","n/a","2007","n/a","n/a","https://www.nasdaq.com/symbol/hnw",
"PLAG","Planet Green Holdings Corp","3.3","25996624.5","n/a","n/a","Consumer Non-Durables","Packaged Foods","https://www.nasdaq.com/symbol/plag",
"PLG","Platinum Group Metals Ltd.","1.34","46810316.48","n/a","n/a","Basic Industries","Precious Metals","https://www.nasdaq.com/symbol/plg",
"PLYM","Plymouth Industrial REIT, Inc.","17.92","155928855.04","n/a","2017","Consumer Services","Real Estate Investment Trusts","https://www.nasdaq.com/symbol/plym",
"PLYM^A","Plymouth Industrial REIT, Inc.","25.44","0","n/a","n/a","n/a","n/a","https://www.nasdaq.com/symbol/plym^a",
"PLM","Polymet Mining Corp.","0.375","376923437.25","n/a","n/a","Basic Industries","Precious Metals","https://www.nasdaq.com/symbol/plm",
"PW","Power REIT","9.55","17886567.45","n/a","n/a","Consumer Services","Real Estate Investment Trusts","https://www.nasdaq.com/symbol/pw",
"PW^A","Power REIT","26.9","0","n/a","n/a","n/a","n/a","https://www.nasdaq.com/symbol/pw^a",
"PLX","Protalix BioTherapeutics, Inc.","0.2271","33697620.1029","n/a","n/a","Health Care","Biotechnology: Biological Products (No Diagnostic Substances)","https://www.nasdaq.com/symbol/plx",
"RLGT","Radiant Logistics, Inc.","5.01","248360208.96","n/a","n/a","Transportation","Oil Refining/Marketing","https://www.nasdaq.com/symbol/rlgt",
"RFL","Rafael Holdings, Inc.","20.15","280682749.75","n/a","2018","Finance","Real Estate","https://www.nasdaq.com/symbol/rfl",
"UTG","Reaves Utility Income Fund","36.33","1769394122.37","n/a","2004","n/a","n/a","https://www.nasdaq.com/symbol/utg",
"RHE","Regional Health Properties, Inc.","1.93","3258262.67","n/a","2017","Health Care","Hospital/Nursing Management","https://www.nasdaq.com/symbol/rhe",
"RHE^A","Regional Health Properties, Inc.","6.25","0","n/a","n/a","n/a","n/a","https://www.nasdaq.com/symbol/rhe^a",
"RCG","RENN Fund, Inc.","1.64","9761206.2","n/a","n/a","n/a","n/a","https://www.nasdaq.com/symbol/rcg",
"RVP","Retractable Technologies, Inc.","0.725","23689341.65","n/a","n/a","Health Care","Medical/Dental Instruments","https://www.nasdaq.com/symbol/rvp",
"REI","Ring Energy, Inc.","2.2","149183564.2","n/a","n/a","Energy","Oil & Gas Production","https://www.nasdaq.com/symbol/rei",
"RIF","RMR Real Estate Income Fund","19.52","199143215.68","n/a","n/a","n/a","n/a","https://www.nasdaq.com/symbol/rif",
"SACH","Sachem Capital Corp.","5.02","108283643.94","n/a","2017","Consumer Services","Real Estate Investment Trusts","https://www.nasdaq.com/symbol/sach",
"SCCB","Sachem Capital Corp.","25.9164","0","n/a","2019","Consumer Services","Real Estate Investment Trusts","https://www.nasdaq.com/symbol/sccb",
"SNMP","Sanchez Midstream Partners LP","0.5103","9338906.9151","n/a","n/a","Energy","Oil & Gas Production","https://www.nasdaq.com/symbol/snmp",
"SAND          ","Sandstorm Gold Ltd","6.6","1172403975.6","n/a","n/a","Basic Industries","Precious Metals","https://www.nasdaq.com/symbol/sand",
"SEB","Seaboard Corporation","3804.01","4432847089.09","n/a","1996","Finance","Investment Bankers/Brokers/Service","https://www.nasdaq.com/symbol/seb",
"SENS","Senseonics Holdings, Inc.","1.08","215714486.88","n/a","n/a","Capital Goods","Industrial Machinery/Components","https://www.nasdaq.com/symbol/sens",
"SVT","Servotronics, Inc.","10.01","25834608.8","n/a","n/a","Capital Goods","Industrial Machinery/Components","https://www.nasdaq.com/symbol/svt",
"SMTS","Sierra Metals Inc.","1.49","242709978.47","n/a","n/a","Basic Industries","Precious Metals","https://www.nasdaq.com/symbol/smts",
"SIF","SIFCO Industries, Inc.","2.84","16396223.12","n/a","n/a","Capital Goods","Aerospace","https://www.nasdaq.com/symbol/sif",
"SVM","Silvercorp Metals Inc.","3.53","600144661.56","n/a","n/a","Basic Industries","Precious Metals","https://www.nasdaq.com/symbol/svm",
"SILV","SilverCrest Metals Inc.","6.08","522182715.2","n/a","2018","Basic Industries","Precious Metals","https://www.nasdaq.com/symbol/silv",
"XPL","Solitario Zinc Corp.","0.3192","18558724.0272","n/a","n/a","Basic Industries","Precious Metals","https://www.nasdaq.com/symbol/xpl",
"SCE^B","Southern California Edison Company","20.45","0","n/a","n/a","n/a","n/a","https://www.nasdaq.com/symbol/sce^b",
"SCE^C","Southern California Edison Company","20.6","0","n/a","n/a","n/a","n/a","https://www.nasdaq.com/symbol/sce^c",
"SCE^D","Southern California Edison Company","21.5","0","n/a","n/a","n/a","n/a","https://www.nasdaq.com/symbol/sce^d",
"SCE^E","Southern California Edison Company","23.5","0","n/a","n/a","n/a","n/a","https://www.nasdaq.com/symbol/sce^e",
"SGB","Southwest Georgia Financial Corporation","19.64","49999040.64","n/a","n/a","Finance","Major Banks","https://www.nasdaq.com/symbol/sgb",
"LOV","Spark Networks, Inc.","8.89","115463053.3","n/a","2017","Consumer Services","Other Consumer Services","https://www.nasdaq.com/symbol/lov",
"SRCI","SRC Energy Inc.","4.47","1088326504.77","n/a","n/a","Energy","Oil & Gas Production","https://www.nasdaq.com/symbol/srci",
"SDI","Standard Diversified Inc.","14.55","244653826.8","n/a","n/a","Consumer Non-Durables","Tobacco","https://www.nasdaq.com/symbol/sdi",
"SSY","SunLink Health Systems, Inc.","1.48","10340545.4","n/a","n/a","Health Care","Hospital/Nursing Management","https://www.nasdaq.com/symbol/ssy",
"SDPI","Superior Drilling Products, Inc.","0.86","21529896.18","n/a","2014","Energy","Metal Fabrications","https://www.nasdaq.com/symbol/sdpi",
"SYN","Synthetic Biologics, Inc","0.4704","7905744.672","n/a","n/a","Health Care","Major Pharmaceuticals","https://www.nasdaq.com/symbol/syn",
"TKAT","Takung Art Co., Ltd.","0.44","4952256.76","n/a","n/a","Consumer Services","Other Specialty Stores","https://www.nasdaq.com/symbol/tkat",
"TALO.WS","Talos Energy, Inc.","n/a","0","n/a","n/a","n/a","n/a","https://www.nasdaq.com/symbol/talo.ws",
"TRX","Tanzanian Gold Corporation","1.01","142743148.5","n/a","n/a","Basic Industries","Precious Metals","https://www.nasdaq.com/symbol/trx",
"TGB","Taseko Mines Limited","0.434","106848291.046","n/a","n/a","Basic Industries","Precious Metals","https://www.nasdaq.com/symbol/tgb",
"TGC","Tengasco, Inc.","0.658","7006820.254","n/a","n/a","Energy","Oil & Gas Production","https://www.nasdaq.com/symbol/tgc",
"GLU","The Gabelli Global Utility and Income Trust","17.98","96540481.48","n/a","2004","n/a","n/a","https://www.nasdaq.com/symbol/glu",
"GLU^A","The Gabelli Global Utility and Income Trust","47.484","0","n/a","n/a","n/a","n/a","https://www.nasdaq.com/symbol/glu^a",
"GLU^B","The Gabelli Global Utility and Income Trust","51.85","0","n/a","n/a","n/a","n/a","https://www.nasdaq.com/symbol/glu^b",
"GGO","The Gabelli Go Anywhere Trust","15.69","25302509.88","n/a","2016","n/a","n/a","https://www.nasdaq.com/symbol/ggo",
"GGO^A","The Gabelli Go Anywhere Trust","41.5642","0","n/a","n/a","n/a","n/a","https://www.nasdaq.com/symbol/ggo^a",
"TDW.WS","Tidewater Inc.","n/a","0","n/a","n/a","n/a","n/a","https://www.nasdaq.com/symbol/tdw.ws",
"TMP","Tompkins Financial Corporation","77.42","1167249339.9","n/a","n/a","Finance","Major Banks","https://www.nasdaq.com/symbol/tmp",
"TAT","Transatlantic Petroleum Ltd","0.708","37167639.528","n/a","n/a","Energy","Oil & Gas Production","https://www.nasdaq.com/symbol/tat",
"TRXC","TransEnterix, Inc.","0.9","195605058.6","n/a","n/a","Health Care","Medical/Dental Instruments","https://www.nasdaq.com/symbol/trxc",
"TMQ","Trilogy Metals Inc.","2.05","270893984.35","n/a","n/a","Basic Industries","Precious Metals","https://www.nasdaq.com/symbol/tmq",
"TPHS","Trinity Place Holdings Inc.","3.89","124090988.33","n/a","n/a","Consumer Services","Building operators","https://www.nasdaq.com/symbol/tphs",
"TRT","Trio-Tech International","3.18","11680314.9","n/a","n/a","Technology","Industrial Machinery/Components","https://www.nasdaq.com/symbol/trt",
"UFAB","Unique Fabricating, Inc.","2.51","24545658.97","n/a","2015","Capital Goods","Auto Parts:O.E.M.","https://www.nasdaq.com/symbol/ufab",
"UAMY","United States Antimony Corporation","0.7092","48528549.6732","n/a","n/a","Capital Goods","Metal Fabrications","https://www.nasdaq.com/symbol/uamy",
"UUU","Universal Security Instruments, Inc.","1.23","2844851.01","n/a","n/a","Technology","Electronic Components","https://www.nasdaq.com/symbol/uuu",
"URG","Ur Energy Inc","0.5625","89921420.4375","n/a","n/a","Basic Industries","Precious Metals","https://www.nasdaq.com/symbol/urg",
"UEC","Uranium Energy Corp.","0.93","168036609.18","n/a","n/a","Basic Industries","Precious Metals","https://www.nasdaq.com/symbol/uec",
"VHC","VirnetX Holding Corp","5.21","354821845.21","n/a","n/a","Miscellaneous","Multi-Sector Companies","https://www.nasdaq.com/symbol/vhc",
"VGZ","Vista Gold Corporation","1","100537541","n/a","n/a","Basic Industries","Precious Metals","https://www.nasdaq.com/symbol/vgz",
"VNRX","VolitionRX Limited","3.82","169916113.56","n/a","2015","Health Care","Biotechnology: In Vitro & In Vivo Diagnostic Substances","https://www.nasdaq.com/symbol/vnrx",
"VISI","Volt Information Sciences, Inc.","4.55","96513817.4","n/a","n/a","Technology","Professional Services","https://www.nasdaq.com/symbol/visi",
"EAD","Wells Fargo Income Opportunities Fund","8.18","515961246.46","n/a","2003","n/a","n/a","https://www.nasdaq.com/symbol/ead",
"ERC","Wells Fargo Multi-Sector Income Fund","12.54","385179216.84","n/a","2003","n/a","n/a","https://www.nasdaq.com/symbol/erc",
"ERH","Wells Fargo Utilities and High Income Fund","13.3428","123512671.7784","n/a","2004","n/a","n/a","https://www.nasdaq.com/symbol/erh",
"WRN","Western Copper and Gold Corporation","0.71","74238310.71","n/a","2011","Basic Industries","Precious Metals","https://www.nasdaq.com/symbol/wrn",
"WYY","WidePoint Corporation","0.4025","33951284.745","n/a","n/a","Technology","EDP Services","https://www.nasdaq.com/symbol/wyy",
"WTT","Wireless Telecom Group,  Inc.","1.52","32376383.04","n/a","n/a","Capital Goods","Electrical Products","https://www.nasdaq.com/symbol/wtt",
"XTNT","Xtant Medical Holdings, Inc.","2.8","36852933.6","n/a","n/a","Health Care","Biotechnology: Biological Products (No Diagnostic Substances)","https://www.nasdaq.com/symbol/xtnt",
"YUMA","Yuma Energy, Inc.","1.38","2134410.12","n/a","n/a","Energy","Oil & Gas Production","https://www.nasdaq.com/symbol/yuma",
"ZDGE","Zedge, Inc.","1.59","16467213.42","n/a","2016","Technology","Computer Software: Prepackaged Software","https://www.nasdaq.com/symbol/zdge",
"ZOM","Zomedica Pharmaceuticals Corp.","0.25","27009599.5","n/a","2017","Health Care","Major Pharmaceuticals","https://www.nasdaq.com/symbol/zom",
